{"cameraMode":{"drawMode":0,"name":"Shaded","section":"Shading Mode"},"sceneLighting":false,"audioPlay":false,"sceneViewState":{"showFog":true,"showMaterialUpdate":false,"showSkybox":true,"showFlares":true,"showImageEffects":true,"showParticleSystems":true},"in2DMode":false,"pivot":{"x":-126.79962921142578,"y":-212.46670532226563,"z":-43.91242980957031},"rotation":{"x":-0.22984890639781953,"y":0.7621105909347534,"z":-0.36002129316329958,"w":-0.4865609109401703},"size":2.8578836917877199,"orthographic":false}