{"cameraMode":{"drawMode":0,"name":"Shaded","section":"Shading Mode"},"sceneLighting":false,"audioPlay":false,"sceneViewState":{"showFog":true,"showMaterialUpdate":false,"showSkybox":true,"showFlares":true,"showImageEffects":true,"showParticleSystems":true},"in2DMode":false,"pivot":{"x":-9.77874755859375,"y":0.7967547178268433,"z":14.998976707458496},"rotation":{"x":-0.0020019093062728645,"y":0.879097044467926,"z":-0.47662433981895449,"w":-0.003694950370118022},"size":2.752833604812622,"orthographic":false}