{"cameraMode":{"drawMode":0,"name":"Shaded","section":"Shading Mode"},"sceneLighting":false,"audioPlay":false,"sceneViewState":{"showFog":true,"showMaterialUpdate":false,"showSkybox":true,"showFlares":true,"showImageEffects":true,"showParticleSystems":true},"in2DMode":false,"pivot":{"x":7.152557373046875e-7,"y":2.6990432739257814,"z":0.0},"rotation":{"x":-0.030821196734905244,"y":0.9150183200836182,"z":-0.39587345719337466,"w":-0.07124456763267517},"size":16.208023071289064,"orthographic":false}