{"cameraMode":{"drawMode":0,"name":"Shaded","section":"Shading Mode"},"sceneLighting":false,"audioPlay":false,"sceneViewState":{"showFog":true,"showMaterialUpdate":false,"showSkybox":true,"showFlares":true,"showImageEffects":true,"showParticleSystems":true},"in2DMode":false,"pivot":{"x":39.80299758911133,"y":1.9270000457763672,"z":27.5},"rotation":{"x":-0.00016636036161798984,"y":0.9902410507202148,"z":-0.13936066627502442,"w":-0.0011908368906006218},"size":4.24523401260376,"orthographic":false}