{"cameraMode":{"drawMode":0,"name":"Shaded","section":"Shading Mode"},"sceneLighting":false,"audioPlay":false,"sceneViewState":{"showFog":true,"showMaterialUpdate":false,"showSkybox":true,"showFlares":true,"showImageEffects":true,"showParticleSystems":true},"in2DMode":false,"pivot":{"x":0.12199965119361878,"y":0.033649131655693057,"z":-0.5222132205963135},"rotation":{"x":-0.07968442142009735,"y":0.749366283416748,"z":-0.09173917770385742,"w":-0.6509105563163757},"size":2.1063883304595949,"orthographic":false}