{"cameraMode":{"drawMode":0,"name":"Shaded","section":"Shading Mode"},"sceneLighting":false,"audioPlay":false,"sceneViewState":{"showFog":true,"showMaterialUpdate":false,"showSkybox":true,"showFlares":true,"showImageEffects":true,"showParticleSystems":true},"in2DMode":false,"pivot":{"x":-0.44534921646118166,"y":0.17645183205604554,"z":-0.08610344678163529},"rotation":{"x":0.041887637227773669,"y":0.7481237053871155,"z":-0.047439564019441608,"w":0.6605346202850342},"size":1.3590229749679566,"orthographic":false}