{"cameraMode":{"drawMode":0,"name":"Shaded","section":"Shading Mode"},"sceneLighting":false,"audioPlay":false,"sceneViewState":{"showFog":true,"showMaterialUpdate":false,"showSkybox":true,"showFlares":true,"showImageEffects":true,"showParticleSystems":true},"in2DMode":false,"pivot":{"x":-0.16822052001953126,"y":1.546493411064148,"z":0.9394607543945313},"rotation":{"x":-0.004814634099602699,"y":0.014093576930463314,"z":-0.0000691150562488474,"w":-0.9998891353607178},"size":22.0,"orthographic":false}