{"cameraMode":{"drawMode":0,"name":"Shaded","section":"Shading Mode"},"sceneLighting":false,"audioPlay":false,"sceneViewState":{"showFog":true,"showMaterialUpdate":false,"showSkybox":true,"showFlares":true,"showImageEffects":true,"showParticleSystems":true},"in2DMode":false,"pivot":{"x":0.09996223449707031,"y":-11.298602104187012,"z":-3.344417095184326},"rotation":{"x":0.17259003221988679,"y":-0.8063081502914429,"z":0.28461670875549319,"w":0.4889511466026306},"size":22.0,"orthographic":false}