{"cameraMode":{"drawMode":0,"name":"Shaded","section":"Shading Mode"},"sceneLighting":false,"audioPlay":false,"sceneViewState":{"showFog":true,"showMaterialUpdate":false,"showSkybox":true,"showFlares":true,"showImageEffects":true,"showParticleSystems":true},"in2DMode":false,"pivot":{"x":-1.4239968061447144,"y":0.7596040964126587,"z":-2.0542385578155519},"rotation":{"x":-0.031873151659965518,"y":0.9538988471031189,"z":-0.10952280461788178,"w":-0.277607262134552},"size":7.482547760009766,"orthographic":false}