{"cameraMode":{"drawMode":0,"name":"Shaded","section":"Shading Mode"},"sceneLighting":false,"audioPlay":false,"sceneViewState":{"showFog":true,"showMaterialUpdate":false,"showSkybox":true,"showFlares":true,"showImageEffects":true,"showParticleSystems":true},"in2DMode":false,"pivot":{"x":-1.5293461084365845,"y":0.07425561547279358,"z":0.11953359842300415},"rotation":{"x":-0.35168322920799258,"y":0.5161957144737244,"z":-0.24480241537094117,"w":-0.7415745258331299},"size":2.7528345584869386,"orthographic":false}