{"cameraMode":{"drawMode":0,"name":"Shaded","section":"Shading Mode"},"sceneLighting":false,"audioPlay":false,"sceneViewState":{"showFog":true,"showMaterialUpdate":false,"showSkybox":true,"showFlares":true,"showImageEffects":true,"showParticleSystems":true},"in2DMode":false,"pivot":{"x":-5.431597709655762,"y":2.21258807182312,"z":0.24309861660003663},"rotation":{"x":-0.041553813964128497,"y":-0.571053683757782,"z":-0.028958093374967576,"w":0.8193487524986267},"size":4.115352630615234,"orthographic":false}