{"cameraMode":{"drawMode":0,"name":"Shaded","section":"Shading Mode"},"sceneLighting":false,"audioPlay":false,"sceneViewState":{"showFog":true,"showMaterialUpdate":false,"showSkybox":true,"showFlares":true,"showImageEffects":true,"showParticleSystems":true},"in2DMode":false,"pivot":{"x":-1.9962221384048463,"y":0.6445649266242981,"z":2.0433919429779054},"rotation":{"x":0.013825731351971627,"y":0.9093759655952454,"z":-0.030318167060613633,"w":0.4146385192871094},"size":1.3590232133865357,"orthographic":false}