{"cameraMode":{"drawMode":0,"name":"Shaded","section":"Shading Mode"},"sceneLighting":false,"audioPlay":false,"sceneViewState":{"showFog":true,"showMaterialUpdate":false,"showSkybox":true,"showFlares":true,"showImageEffects":true,"showParticleSystems":true},"in2DMode":false,"pivot":{"x":-0.156112402677536,"y":2.187972068786621,"z":0.06852388381958008},"rotation":{"x":0.23616869747638703,"y":-0.05649583414196968,"z":0.013759482651948929,"w":0.9699707627296448},"size":2.3334522247314455,"orthographic":false}