{"cameraMode":{"drawMode":0,"name":"Shaded","section":"Shading Mode"},"sceneLighting":false,"audioPlay":false,"sceneViewState":{"showFog":true,"showMaterialUpdate":false,"showSkybox":true,"showFlares":true,"showImageEffects":true,"showParticleSystems":true},"in2DMode":false,"pivot":{"x":28.871103286743165,"y":0.8513178825378418,"z":38.45000076293945},"rotation":{"x":0.09945705533027649,"y":-0.8739131093025208,"z":0.2017028033733368,"w":0.4309294819831848},"size":2.2424545288085939,"orthographic":false}